Assumption,Scenario,Description,Recommended Adaptation Strategy
Stakeholder alignment with U.S. focus areas,Baseline,Alignment with U.S. goals as anticipated,Proceed with technical dialogues and co-creation efforts as planned
Stakeholder alignment with U.S. focus areas,Optimistic,High alignment with U.S. goals,Expand collaboration with aligned economies; increase visibility of U.S.-led initiatives
Stakeholder alignment with U.S. focus areas,Pessimistic,Difficulties gaining stakeholder buy-in or moving U.S. goals forward,Intensify diplomatic engagement; tailor technical assistance; focus on institutional champions; document resistance for follow-up
Political and institutional continuity,Baseline,Stable environment,Maintain current schedule and engagement levels
Political and institutional continuity,Optimistic,Increased institutional cooperation,Strengthen long-term partnerships and deepen policy coordination
Political and institutional continuity,Pessimistic,Instability or disrupted coordination,Shift resources to stable economies; support resilience and contingency planning
Policy and regulatory openness,Baseline,Expected receptivity,Maintain steady reform support and technical assistance
Policy and regulatory openness,Optimistic,High receptivity to U.S. policy recommendations,Accelerate pilot reforms and highlight results
Policy and regulatory openness,Pessimistic,Declining openness or regulatory pushback,Refocus engagement; seek alternate entry points or incremental reforms; monitor policy resistance
Responsible local ownership,Baseline,Cost-sharing and local uptake sustained,Continue monitoring and co-planning
Responsible local ownership,Optimistic,High commitment and ownership,Increase handover planning
Responsible local ownership,Pessimistic,Low contribution or interest in uptake,Document gaps; adapt support model; focus on institutional champions
